<?xml version="1.0"?>
<!--
/**
 * Mageplaza
 *
 * NOTICE OF LICENSE
 *
 * This source file is subject to the Mageplaza.com license that is
 * available through the world-wide-web at this URL:
 * https://www.mageplaza.com/LICENSE.txt
 *
 * DISCLAIMER
 *
 * Do not edit or add to this file if you wish to upgrade this extension to newer
 * version in the future.
 *
 * @category    Mageplaza
 * @package     Mageplaza_PdfInvoice
 * @copyright   Copyright (c) 2017-2018 Mageplaza (http://www.mageplaza.com/)
 * @license     https://www.mageplaza.com/LICENSE.txt
 */
-->
<config xmlns:xsi="http://www.w3.org/2001/XMLSchema-instance" xsi:noNamespaceSchemaLocation="urn:magento:framework:ObjectManager/etc/config.xsd">
    <preference for="\Magento\Sales\Model\Order\Email\SenderBuilder" type="Mageplaza\PdfInvoice\Model\Template\SenderBuilder"/>
    <preference for="\Magento\Framework\Mail\Template\TransportBuilder" type="Mageplaza\PdfInvoice\Model\Template\TransportBuilder"/>

    <type name="Magento\Framework\View\Element\UiComponent\DataProvider\CollectionFactory">
        <arguments>
            <argument name="collections" xsi:type="array">
                <item name="pdfinvoice_template_listing_data_source" xsi:type="string">Mageplaza\PdfInvoice\Model\ResourceModel\Template\Grid\Collection</item>
            </argument>
        </arguments>
    </type>
    <virtualType name="Mageplaza\PdfInvoice\Model\ResourceModel\Template\Grid\Collection" type="Magento\Framework\View\Element\UiComponent\DataProvider\SearchResult">
        <arguments>
            <argument name="mainTable" xsi:type="string">mageplaza_pdfinvoice_template</argument>
            <argument name="resourceModel" xsi:type="string">Mageplaza\PdfInvoice\Model\ResourceModel\Template</argument>
        </arguments>
    </virtualType>
</config>
